cnterNm,cnterChNm,operMbyCn,operModeCn,ctpvNm,sggNm,roadNmAddr,lotnoAddr,lat,lot,hmpgAddr,rprsTelno,dscsnTelno,fxno,emlAddr,operHrCn,empCnt,pvsnLngNm,crtrYmd,expsrYn,rmrkCn
종로구 가족센터,박지선,민간,위탁,서울,종로구,"서울특별시 종로구 종로53길 29, 토월 2층","서울특별시 종로구 창신동 197-17, 토월 2층",37.5736665,127.0132021,http://jongno.familynet.or.kr/,27643524,27441090,27644854,jongno3521@naver.com,"평일 09:00-18:00(휴게시간 12:00-13:00, 주말 정기휴무)",25,베트남어,20221215,Y,
서울 중구 가족센터,정주원,민간,위탁,서울,중구,"서울특별시 중구 퇴계로 460, 10층","서울특별시 중구 신당동 160-2, 10층",37.5650538,127.0227775,https://sujung.familynet.or.kr,222793891,222793896,222793898,junggufamily@hanmail.net,"평일 09:00-18:00(휴게시간 12:00-13:00, 주말 정기휴무)",23,몽골어,20221215,Y,
용산구 가족센터,한선규,민간,위탁,서울,용산구,서울특별시 용산구 이태원로 224-19(한남동) 한남동 공영주차장 부대시설 3층,"서울특별시 용산구 한남동 685-46, 한남동 공영주차장 부대시설 3층",37.534799,127.00006,http://yongsan.familynet.or.kr/,27979184,27949184,27979189,yongsan@familynet.or.kr,평일 09:00-18:00,24,"한국어, 베트남어",20221215,Y,
성동구 가족센터,엄애선,민간,위탁,서울,성동구,서울특별시 성동구 무학로 6길 9(홍익동) 3층,"서울특별시 성동구 홍익동 373-1, 3층",37.565446,127.0311137,https://sdfc.familynet.or.kr,233959447,233959266,7074699543,msdfc@hanmail.net,"평일 09:00-18:00(휴게시간 12:00-13:00, 주말 정기휴무)",21,베트남어,20221215,Y,
광진구 가족센터,윤명자,민간,위탁,서울,광진구,"서울특별시 광진구 아차산로 24길 17, 자양공공힐링센터 5층","서울특별시 광진구 자양동 13-28, 자양공공힐링센터 5층",37.5401997,127.0651525,gwangjin.familynet.or.kr,24580622,7088545731,24580185,gwangjin0666@daum.net,평일 09:00-18:00,20,"한국어, 중국어, 베트남어",20221215,Y,
동대문구 가족센터,한미영,민간,위탁,서울,동대문구,서울특별시 동대문구 청계천로 521 다사랑행복센터 7층,서울특별시 동대문구 용두동 255-69 다사랑행복센터 7층,37.5718894,127.0340686,https://ddmhfc.familynet.or.kr/center/index.do,29570760,29570266,29570761,ddmfc@daum.net,09:00-18:00(휴게시간 12:00-13:00) 일 정기휴무,34,"한국어, 일본어, 중국어, 베트남어, 몽골어",20221215,Y,
중랑구 가족센터,김영희,민간,위탁,서울,중랑구,서울특별시 중랑구 용마산로 369,서울특별시 중랑구 면목동 62-2,37.584891,127.093985,jungnang.familynet.or.kr,24354149,24354143,274694140,jungnang4142@naver.com,평일 09:00-18:00,16,베트남어,20221215,Y,
성북구 가족센터,김유경,민간,위탁,서울,성북구,서울특별시 성북구 안암로 145 고려대학교 라이시움 102호 성북구가족센터,"서울특별시 성북구 안암동5가 1-16, 고려대학교 라이시움 102호",37.590131,127.035889,https://sbfc.familynet.or.kr,232901660,29195141,221798649,sbfamily1660@daum.net,평일 09:00-18:00 주말 정기휴무,27,"베트남어, 몽골어",20221215,Y,
강북구 가족센터,한은주,민간,위탁,서울,강북구,서울특별시 강북구 한천로 129길 6,서울특별시 강북구 번동 417-93,37.6376835,127.0296631,http://gangbuk.familynet.or.kr/,29872567,29872568,7074692568,office@gbfamily.net,평일 09:00-18:00(휴게시간 12:00-13:00) 주말 정기휴무,27,"한국어, 베트남어",20221215,Y,
도봉구 가족센터,강진아,민간,위탁,서울,도봉구,서울특별시 도봉구 도봉로 552(창동) 도봉구민회관 2층 도봉구 다문화가족지원센터,서울특별시 도봉구 창동 303 도봉구민회관 2층,37.6540005,127.0386044,https://dobong.familynet.or.kr/,29956800,29956800,29956014,dobongfamily@naver.com,"월,수,금 09:00-18:00 화,목 09:00-21:00 토 10:00-17:00 일 정기휴무",36,"한국어, 베트남어",20221215,Y,
노원구 가족센터,장사열,민간,위탁,서울,노원구,서울특별시 노원구 동일로 173가길 94 가온빌딩 3F,서울특별시 노원구 공릉동 569-19 가온빌딩 3F,37.6224312,127.0726214,http://nowon.familynet.or.kr,29793502,29793503,29793504,no1mfc@gmail.com,평일 09:00-18:00(휴게시간 12:00-13:00) 주말 정기휴무,24,베트남어,20221215,Y,
은평구 가족센터,김현영,민간,위탁,서울,은평구,서울특별시 은평구 은평로21가길 15-17,서울특별시 은평구 녹번동 86-157,37.604299,126.929996,https://eunpyeong.familynet.or.kr/center/index.do,23763731,,23763759,epmfsc@naver.com,평일 09:00-18:00(휴게시간 12:00-13:00) 주말 정기휴무,28,"중국어, 베트남어",20221215,Y,
서대문구 가족센터,강주현,민간,위탁,서울,서대문구,"
서울특별시 서대문구 증가로 244(북가좌동), 2층","서울특별시 서대문구 북가좌동 333-5, 2층",37.5829532,126.91286,sdmfc.familynet.or.kr,23227595,23227594,23227533,sdmmcc@hanmail.net,"평일 09:00-18:00 야간상담(수,목) 18:00-21:00 둘째주,넷째주 토 9:00-15:00",34,베트남어,20221215,Y,
마포구 가족센터,최여진,민간,위탁,서울,마포구,서울특별시 마포구 양화로 19 홀트아동복지회 B2층,서울특별시 마포구 합정동 471 홀트아동복지회 B2층,37.549013,126.91125,mapo.familynet.or.kr,231425482,7074670756,7074695477,mapofamily@naver.com,평일 09:00-18:00,27,"한국어, 베트남어",20221215,Y,
양천구 가족센터,박병준,민간,위탁,서울,양천구,서울특별시 양천구 남부순환로83길 53 신월6동 행정복합타운 3층,서울특별시 양천구 신월동 1078-1 행정복합타운 3층,37.517999,126.84506,https://ychc.familynet.or.kr/center/index.do,220653400,220653400,220653425,yangcheongu@naver.com,"평일 09:00-18:00 야간상담(화,목) 18:00-21:00 주말 09:00-13:00",24,베트남어,20221215,Y,
강서구 가족센터,박정숙,공공,위탁,서울,강서구,"서울특별시 강서구 강서로 5길 50, 곰달래 문화복지센터 4층",서울특별시 강서구 화곡동 890 곰달래 문화복지센터 4층,37.528909,126.848814,gsfc.familynet.or.kr,226062017,226062015,226062019,gsmfc@hanmail.net,평일 09:00-18:00(휴게시간 12:00-13:00),27,"한국어, 영어, 중국어, 베트남어",20221215,Y,
구로구 가족센터,정종운,민간,위탁,서울,구로구,"서울특별시 구로구 우마2길 35, 구로구가족통합지원센터 2,3층","서울특별시 구로구 가리봉동 118-11 구로구가족통합지원센터 2,3층",37.4825227,126.8896982,http://gurofc.familynet.or.kr/,28690317,28300450,28625369,gurocenter@hanmail.net,09:00-18:00 일 정기휴무,40,"한국어, 중국어, 베트남어, 캄보디아어",20221215,Y,
금천구 가족센터,전종미,민간,위탁,서울,금천구,"서울특별시 금천구 금하로 11길 40, 1층","서울특별시 금천구 시흥동 841 시흥1동치안센터, 건강가정지원센터 1층",37.455425,126.904153,geumchfc.familynet.or.kr,28037747,,28037746,gcfc@naver.com,"평일 09:00-18:00 야간상담(화,수,목) 18:00-21:00 토 09:00-17:00",27,베트남어,20221215,Y,
영등포구 가족센터,강현덕,민간,위탁,서울,영등포구,서울특별시 영등포구 영등포로84길 24-5 주민센터 4층,"서울특별시 영등포구 신길동 465-1, 주민센터 4층",37.5111184,126.9214333,ydpfc.familynet.or.kr,28465432,28465432,226782195,ydpfc@daum.net,평일 09:00-18:00 야간상담(평일) 18:00-21:00 주말 09:00-16:00,40,"한국어, 중국어, 베트남어, 몽골어",20221215,Y,
동작구 가족센터,김예리,민간,위탁,서울,동작구,"서울특별시 동작구 동작대로 29길 63-26, 3층","서울특별시 동작구 사당동 1136-1, 3층",37.4883609,126.9775741,dchfc.familynet.or.kr,25993260,25993360,25993277,5993260@naver.com,매일 09:00-18:00,23,"한국어, 중국어, 베트남어",20221215,Y,
관악구 가족센터,변주수,민간,위탁,서울,관악구,서울특별시 관악구 신림로 3길 35(김삼준 문화복지기념관) 다문화복합 시설 3층,서울특별시 관악구 신림동 209-1 다문화복합시설 3층,37.4675185,126.9448533,https://gwanak.familynet.or.kr/center/,28839383,,28839320,gwanak@familynet.or.kr,"평일 09:00-18:00 야간상담(화,수,목) 18:00-21:00 토 09:00-17:00",24,"한국어, 베트남어",20221215,Y,
강남구 가족센터,권요안,민간,위탁,서울,강남구,"서울특별시 강남구 개포로 6178, 4층 다문화가족지원센터",서울특별시 강남구 개포동 14-2 다문화가족지원센터 4층,37.4940068,127.0777343,www.gangnam.go.kr›office,234122222,234149977,234143347,34143346@hanmail.net,평일 09:00-19:30(휴게시간 12:00-13:00) 토 09:00-13:00,8,"한국, 영어, 중국어, 일본어, 베트남어",20221215,Y,
송파구 가족센터,박연진,민간,위탁,서울,송파구,서울특별시 송파구 마천로41길 12,서울특별시 송파구 마천동 127-1 송파구다문화가족지원센터,37.4968815,127.1486014,https://songpa.familynet.or.kr/center/index.do,24033844,24310085,24310528,songpada@hanmail.net,평일 09:00-18:00,12,베트남어,20221215,Y,
강동구 가족센터,이광진,민간,위탁,서울,강동구,"서울특별시 강동구 양재대로 1634, 3층","서울특별시 강동구 명일동 312-99, 3층",37.549711,127.146187,http://gangdong.familynet.or.kr/,24710812,24710953,24710954,gdfamilyc@daum.net,평일 09:00-18:00(휴게시간 12:00-13:00),26,"한국어, 중국어, 베트남어",20221215,Y,
서초구 가족센터,박준기,민간,위탁,서울,서초구,서울특별시 서초구 강남대로 201 서초문화예술회관 2층,서울특별시 서초구 양재동 25 서초문화예술회관 2층,37.48181,127.0357439,http://seocho.familynet.or.kr/,25762852,25762852,25762881,seochohfsc@hanmail.net,평일 09:00-18:00 주말 정기휴무,33,"한국어, 러시아어, 베트남어, 인도네시아어, 일본어, 몽골어, 영어, 중국어, 캄보디아어, 태국어, 필리핀어",20221215,Y,
부산동구다문화가족지원센터,변진해,민간,위탁,부산,동구,"부산광역시 동구 중앙대로 248(초량동, 엘림빌딩 3층)",부산광역시 동구 초량동 1191-7 엘림빌딩 3층,35.119021,129.0422022,https://www.liveinkorea.kr/center/main/main.do?centerId=busandonggu,514657171,,514657172,pdm7172@hanmail.net,평일 09:00-18:00,13,베트남어,20221215,Y,
부산진구다문화가족지원센터,한윤정,민간,위탁,부산,진구,"부산광역시 진구 백양대로 160, 2층(당감동, 부산광역시진구 여성가족문화 센터)",부산광역시 부산진구 당감동 516-8 여성가족문화센터 2층,35.1596007,129.0326315,http://www.liveinkorea.kr/center/main/main.do?centerId=busanjingu,518174313,,518174314,pdf4313@hanmail.net,평일 09:00-18:00(휴게시간 1시간),18,"한국어, 중국어, 일본어, 베트남어",20221215,Y,
동래구 가족센터,이진선,민간,위탁,부산,동래구,"부산광역시 동래구 사직북로 63번길 20-7, 사직종합사회복지관 2층",부산광역시 동래구 사직동 29-8 사직종합사회복지관 2층,35.1992691,129.0573604,http://dongraegu.familynet.or.kr/,515065766,515065768,515065767,domufa@hanmail.net,평일 09:00-18:00,20,베트남어,20221215,Y,
부산남구다문화가족지원센터,차정희,공공,직영,부산,남구,"부산광역시 남구 수영로358번길 10 2층(대연동, 부산광역시 여성회관)",부산광역시 남구 대연동 38-1 부산광역시 여성회관 2층,35.138951,129.1043594,https://www.liveinkorea.kr/center/main/main.do?centerSeq=27,516102027,,516102049,2f2354@hanmail.net,평일 09:00-18:00,21,베트남어,20221215,Y,
부산북구다문화가족지원센터,이경희,민간,위탁,부산,북구,부산광역시 북구 효열로 76,부산광역시 북구 금곡동 1108,35.2524851,129.0148704,https://www.liveinkorea.kr/center/main/main.do?centerId=busanbukgu,513653408,,513653409,boosanbukgoo@hanmail.net,평일 09:00-18:00(12:00-13:00-휴게시간) 주말 10:00-22:00,24,베트남어,20221215,Y,
해운대구다문화가족지원센터,조금순,민간,위탁,부산,해운대구,"부산광역시 해운대구 양운로 91, 좌1동 주민센터 2층","부산광역시 해운대구 좌동 1458-2, 주민센터 2층",35.1708897,129.1742254,https://www.liveinkorea.kr/center/main/main.do?centerSeq=33&portalLangType=KOR,517028002,,517048002,haedaji@daum.net,평일 09:00-18:00,20,"한국어, 중국어, 베트남어",20221215,Y,
사하구다문화가족지원센터,오희순,민간,위탁,부산,사하구,부산광역시 사하구 신산로 177(신평동) 농협신평동지점 2층,부산광역시 사하구 신평동 79-18 농협신평동지점 2층,35.0901932,128.9749327,https://www.liveinkorea.kr/center/main/main.do?centerSeq=29,512058345,,512058342,saha205@hanmail.net,평일 09:00-18:00(휴게시간 12:00-13:00) 주말 정기휴무,26,베트남어,20221215,Y,
사상구 가족센터,오우석,민간,위탁,부산,사상구,부산광역시 사상구 가야대로 196번길 51 다누림센터 4층,부산광역시 사상구 학장동 288-12 다누림센터 4층,35.1473324,128.9947443,sasang.familynet.or.kr,513280042,513280909,513280043,sasang0990@hanmail.net,"평일 9:00-18:00 야간상담(화,수) 18:30-20:30 토 9:00-18:00",22,베트남어,20221215,Y,
기장군 가족센터,김지영,민간,위탁,부산,기장군,"부산광역시 기장군 기장읍 차성로 206, 기장종합사회복지관",부산광역시 기장군 기장읍 대라리 175-3,35.2359763,129.2136438,gijang.familynet.or.kr,517924750,517924785,517240419,multiculture@gijangcmc.or.kr,평일 09:00-18:00,12,베트남어,20221215,Y,
금정구 가족센터,김수현,민간,위탁,부산,금정구,부산광역시 금정구 중앙대로 1992 2층(남산동),"부산광역시 금정구 남산동 42-5, 2층",35.2622057,129.0920842,gjfc.familynet.or.kr,515132131,7087090618,515132132,gjfc2131@naver.com,평일 09:00-18:00,17,베트남어,20221215,Y,
수영구 가족센터,류도희,민간,위탁,부산,수영구,"부산광역시 수영구 황령산로 7번길 45(남천동, 헤리티지) 지하 1층","부산광역시 수영구 남천동 57-3, 지하1층",35.1458555,129.108524,suyeong.familynet.or.kr,517583073,517583078,519553072,suyeong-hfsc@naver.com,평일 09:00-18:00(휴게시간 12:00-13:00),15,"한국어, 영어, 중국어, 일본어, 베트남어, 몽골어, 러시아어, 필리핀어, 캄보디아어, 태국어, 라오어, 우즈베크어, 네팔어",20221215,Y,
연제구 가족센터,김재오,민간,위탁,부산,연제구,부산광역시 연제구 월드컵대로46번길 11,부산광역시 연제구 연산동 660-53,35.1788549,129.0857544,https://yeonje.familynet.or.kr/center/index.do,518515002,518518276,518518376,yeonje@familynet.or.kr,"평일 09:00-18:00(휴게시간 12:00-13:00) 야간상담(수,금) 18:00-21:00 주말 정기휴무",19,"한국어, 중국어, 베트남어",20221215,Y,
영도구 가족센터,남희은,민간,위탁,부산,영도구,부산광역시 영도구 하나길 448,부산광역시 영도구 신선동2가 151-14,35.0864987,129.0464896,https://yeongdo.familynet.or.kr/center/index.do,514149605,514149606,514149608,yeongdo@familynet.or.kr,평일 09:00-18:00(휴게시간 12:00-13:00) 야간상담(화) 19:00-21:00 주말 정기휴무,12,,20221215,Y,
부산서구 가족센터,변윤경,민간,위탁,부산,서구,"부산광역시 서구 구덕로 127, 6층(토성동 5가, 서구가족센터)","부산광역시 서구 토성동5가 56-4, 6층",35.0963355,129.0220907,http://busanseogu.familynet.or.kr/,512416200,7041474703,512414200,bsfc0428@naver.com,"평일 09:00-18:00 야간상담(월,금) 18:00-21:00",19,"한국어, 영어, 중국어, 베트남어, 태국어, 러시아어",20221215,Y,
대구동구 가족센터,윤준혁,민간,위탁,대구,동구,"대구광역시 동구 안심로 300 , 4층 동구 다문화가족지원센터(동호동)","대구광역시 동구 동호동 358, 다문화가족지원센터 4층",35.8654781,128.7177202,https://daegudonggu.familynet.or.kr/center/,539612203,539652206,539612204,donggu2203@hanmail.net,평일 09:00-18:00,24,"한국어, 베트남어",20221215,Y,
대구서구 가족센터,고동량,공공,위탁,대구,서구,"대구광역시 서구 서대구로 330, 5~6층","대구광역시 서구 비산동 1316, 5~6층",35.8868957,128.5586343,http://daeguseogu.familynet.or.kr/,533418312,533558042,533558044,dgsg8312@hanmail.net,09:00-18:00(휴게시간 12:00-13:00) 일 정기휴무,27,"한국어, 중국어, 베트남어",20221215,Y,
대구남구 가족센터,권지영,공공,위탁,대구,남구,대구광역시 남구 이천로 10,대구광역시 남구 봉덕동 624-14,35.8417075,128.5982576,http://dgnamgu.familynet.or.kr/,534752324,534712326,534752346,daegungfamily@naver.com,평일 09:00-18:00 주말 정기휴무,24,베트남어,20221215,Y,
대구북구 가족센터,전영동,민간,위탁,대구,북구,대구광역시 북구 칠곡중앙대로 473(관음동) 조은빌딩 2층,대구광역시 북구 관음동 1386-6 조은빌딩 2층,35.9379689,128.5489865,https://dgbukgu.familynet.or.kr/center/,533272994,533272992,533272995,dgbukgu@naver.com,평일 09:00-18:00(휴게시간 12:00-13:00) 주말 정기휴무,30,"한국어, 중국어, 베트남어",20221215,Y,
대구수성구 가족센터,정순화,민간,위탁,대구,수성구,"대구광역시 수성구 들안로16길 78, 두산문화센터 1층",대구광역시 수성구 두산동 30 두산문화센터 1층,35.8392417,128.6183376,happy4300.familynet.or.kr,537954300,537954300,537954312,happy4300@familynet.or.kr,평일 09:00-18:00 주말 정기휴무,27,"중국어, 베트남어",20221215,Y,
달서구 가족센터,원준호,민간,위탁,대구,달서구,대구광역시 달서구 야외음악당로13길 60,대구광역시 달서구 성당동 633-3,35.84295,128.549573,dalseo.familynet.or.kr,535931511,535931518,535931513,5931511@naver.com,평일 09:00-18:00,40,"한국어, 중국어, 베트남어",20221215,Y,
대구달성군 가족센터,이현종,민간,위탁,대구,달성군,"대구광역시 달성군 화원읍 성천로 5, 5층",대구광역시 달성군 화원읍 설화리 553-41 달성군여성문화복지센터 5층,35.7984818,128.4881166,https://dsgfc.familynet.or.kr/center/index.do,536367390,536367391,532824383,dsgfc@familynet.or.kr,평일 09:00-18:00 야간상담(수) 18:00-21:00,24,"한국어, 중국어, 베트남어",20221215,Y,
대구중구 가족센터,임시아,민간,위탁,대구,중구,"대구광역시 중구 남산로 53-1, 2층","대구광역시 중구 남산동 2466-15, 2층",35.8613867,128.582335,http://dgjung.familynet.or.kr/,534311230,534311232,534311231,4311230@naver.com,평일 09:00-18:00(휴게시간 12:00-13:00),17,"한국어, 영어, 중국어, 일본어, 베트남어, 필리핀어, 캄보디아어, 태국어",20221215,Y,
인천중구 가족센터,정광웅,민간,위탁,인천,중구,"인천광역시 중구 답동로 23, 천주교 사회복지센터 3층","인천광역시 중구 경동 229-3, 천주교 사회복지센터 3층",37.4710798,126.6310571,https://icjung.familynet.or.kr/center/index.do,327639337,327639335,327656921,icjung@familynet.or.kr,"월-목,토 09:00-18:00 금 9:00-21:00(휴게시간 12:00-13:00) 일 정기휴무",38,"중국어, 베트남어",20221215,Y,
인천동구 가족센터,김현영(직무대행),민간,위탁,인천,동구,인천광역시 동구 박문로 8,인천광역시 동구 송림동 102-59,37.4698734,126.6504008,icdonggu.familynet.or.kr,327730297,7074051983,327614173,icdongguda@hanmail.net,평일 09:00-18:00(휴게시간 12:00-13:00) 주말 정기휴무,19,"중국어, 베트남어",20221215,Y,
미추홀구 가족센터,유창경,민간,위탁,인천,미추홀구,"인천광역시 미추홀구 소성로 189, 5층",인천광역시 미추홀구 학익동 239-2 새암빌딩 5층,37.4410506,126.6694,https://icnamgu.familynet.or.kr/center/index.do,328752993,328752994,328752998,michu@familynet.or.kr,평일 09:00-18:00,34,"한국어, 중국어, 베트남어, 캄보디아어",20221215,Y,
연수구 가족센터,주영신,민간,위탁,인천,연수구,인천광역시 연수구 청능대로 109 탑피온빌딩 4층,인천광역시 연수구 연수동 599-5 탑피온빌딩 4층,37.4129233,126.6767264,http://yeonsu.familynet.or.kr/,328512740,328512710,328512729,ysmc1101@hanmail.net,평일 09:00-18:00,27,"러시아어, 우즈베키스탄어, 키르키즈스탄어, 말레이시아어, 중국어, 일본어, 베트남어",20221215,Y,
남동구 가족센터,홍규호,민간,위탁,인천,남동구,인천광역시 남동구 호구포로 203-31 남동구가족센터 1층 (남동 하모니센터),"인천광역시 남동구 논현동 644-1, 1층",37.403454,126.707933,namdong.familynet.or.kr,324673904,,324673914,ndfamily@allvalue.co.kr,평일 09:00-18:00 주말 정기휴무,26,"한국어, 중국어, 베트남어",20221215,Y,
인천 부평구다문화가족지원센터,한혜선,민간,위탁,인천,부평구,인천광역시 부평구 열우물로 103 열우물어울림센터 7층,인천광역시 부평구 십정동 279-20 열우물어울림센터 7층,37.4757568,126.6961184,http://www.liveinkorea.kr/center/main/main.do?centerId=bupyeonggu,325111800,,325119300,bpmfc@hanmail.net,평일 09:00-18:00(휴게시간 1시간),10,"한국어, 중국어, 베트남어, 필리핀어",20221215,Y,
계양구 가족센터,권도국,민간,위탁,인천,계양구,"인천광역시 계양구 계양산로 102번길 5, 사회복지회관 3층","인천광역시 계양구 계산동 906, 사회복지회관 3층",37.5474016,126.7270901,https://gyhfsc.familynet.or.kr/center/index.do,325412860,,325521015,welve@hanmail.net,평일 09:00-18:00(휴게시간 12:00-13:00) 주말 09:00-13:00,30,"한국어, 영어, 중국어, 일본어, 베트남어, 몽골어, 러시아어, 필리핀어, 캄보디아어, 태국어, 우즈베크어",20221215,Y,
인천서구 가족센터,심정흠,민간,위탁,인천,서구,"인천광역시 서구 경명대로 693번길 6, 1층","인천광역시 서구 공촌동 305, 1층",37.5525115,126.6859108,https://icseogu.familynet.or.kr/center/index.do,325691560,325691547,325691563,icseogu@nate.com,평일 09:00-18:00 야간상담(수) 18:00-21:00 토 09:00-12:00,31,베트남어,20221215,Y,
강화군 가족센터,임경숙,민간,위탁,인천,강화군,인천광역시 강화군 강화읍 북문길 11-1 강화군다문화가족지원센터,인천광역시 강화군 강화읍 관청리 523,37.748142,126.484478,http://ganghwa.familynet.or.kr/,329321005,,329321047,ghfc07@hanmail.net,평일 09:00-18:00,13,"한국어, 중국어, 베트남어",20221215,Y,
광주서구 가족센터,윤옥희,민간,위탁,광주,서구,광주광역시 서구 상무대로 1224번길 18,광주광역시 서구 양동 385-30,35.1551879,126.8967505,https://gjseogu.familynet.or.kr/center/index.do,623690072,623669500,623663030,gjseogu@familynet.or.kr,평일 09:00-18:00,29,"한국어, 중국어, 영어",20221215,Y,
광주남구 가족센터,장미영,민간,위탁,광주,남구,광주광역시 남구 군분로 155 초당빌딩 2층(월산동),광주광역시 남구 월산동 926-2 초당빌딩 2층,35.1458044,126.8870849,https://gjnamgu.familynet.or.kr/center/index.do,623519337,623511366,623515434,gjnamgu7@hanmail.net,평일 09:00-18:00 토 09:00-13:00,23,"중국어, 베트남어",20221215,Y,
광주북구 가족센터,문미선,민간,위탁,광주,북구,광주광역시 북구 하서로 195,광주광역시 북구 양산동 633-1,35.1929234,126.8761815,https://gjbukgu.familynet.or.kr/center/index.do,623632963,624302963,623632964,ejufamily@hanmail.net,평일 09:00-18:00(휴게시간 12:00-13:00),34,"필리핀어, 베트남어, 몽골어",20221215,Y,
광산구 가족센터,장은미,민간,직영,광주,광산구,광주광역시 광산구 광산로 57-1,광주광역시 광산구 송정동 802-4,35.140353,126.7974755,https://gwangsangu.familynet.or.kr/center/index.do,629548004,629599337,629548005,gsgfamily@naver.com,평일 09:00-18:00,19,"중국어, 베트남어, 캄보디아어",20221215,Y,
광주동구 가족센터,신혜숙,민간,위탁,광주,동구,광주광역시 동구 남문로 693번길 14,광주광역시 동구 학동 901-72,35.1320938,126.9269023,https://gjdongfc.familynet.or.kr/center/index.do,622345790,622345791,622345794,family5790@hanmail.net,평일 09:00-18:00,20,중국어,20221215,Y,
동구다문화가족센터,양병준,민간,위탁,대전,동구,대전광역시 동구 동대전로 171 우송도서관 706호,대전광역시 동구 자양동 155-3 우송도서관 706호,36.3381738,127.4458014,www.liveinkorea.kr›center,426309945,,426309947,da9946@hanmail.net,평일 09:00-18:00,14,베트남어,20221215,Y,
중구다문화가족센터,정용아,민간,위탁,대전,중구,대전광역시 중구 대흥로 128,대전광역시 중구 대흥동 445-1,36.3234063,127.4264044,https://www.liveinkorea.kr/center/main/main.do?centerId=daejeonjunggu,423354566,,422524566,jg4566@hanmail.net,평일 09:00-18:00,17,캄보디아어,20221215,Y,
대전서구 가족센터,김정현,민간,위탁,대전,서구,"대전광역시 서구 배재로 155-40, 배재대학교 우남관 1031호(도마동)",대전광역시 서구 도마동 439-6 배재대학교 우남관 1031호,36.3192881,127.366521,https://www.liveinkorea.kr/center/main/main.do?centerId=daejeonseogu,425205928,,7048508484,seogu5928@naver.com,평일 09:00-18:00(휴게시간 12:00-13:00) 야간운영(화) 18:00-21:00 토 09:00-13:00,26,몽골어,20221215,Y,
대전광역시가족센터,김혜영,민간,위탁,대전,유성구,대전광역시 유성구 테크노6로 40-17,대전광역시 유성구 관평동 767,36.4264695,127.3944404,https://daejeon.familynet.or.kr/center/,422529989,422529985,422529987,dj9989@hanmail.net,평일 09:00-18:00(휴게시간 12:00-13:00) 주말 정기휴무,51,"러시아어, 중국어, 필리핀어, 베트남어",20221215,Y,
대덕구다문화가족지원센터,임향이,민간,위탁,대전,대덕구,대전광역시 대덕구 오정로  112(오정동) 대전광역시가톨릭사회복지회관 2층,대전광역시 대덕구 오정동 74-4 대전광역시가톨릭사회복지회관 2층,36.3557897,127.4071576,http://www.liveinkorea.kr/center/main/main.do?centerId=daedeokgu,426392664,,426392667,ddmwctr@hanmail.net,평일 09:00-18:00,19,중국어,20221215,Y,
울산중구 가족센터,강필연,민간,위탁,울산,중구,"울산광역시 중구 중앙길 162, 4층(시티빌딩)",울산광역시 중구 옥교동 231-4 시티빌딩 4층,35.5562039,129.3223518,https://jungguulsan.familynet.or.kr/center/index.do,522481103,,522481105,junggu2014@hanmail.net,평일 09:00-18:00,10,베트남어,20221215,Y,
울산남구 가족센터,이용희,민간,위탁,울산,남구,울산광역시 남구 여천로12번길 50 해피투게더 타운 B1,울산광역시 남구 야음동 370-6 해피투게더 타운 B1,35.520121,129.339874,http://ulsan.familynet.or.kr/,522743185,522741280,522743115,namguplus@hanmail.net,평일 09:00-18:00,33,"몽골어, 베트남어",20221215,Y,
울산동구 가족센터,이정숙,민간,위탁,울산,동구,"울산광역시 동구 대학길 59, 3층","울산광역시 동구 화정동 844-15, 3층",35.49892714,129.4211848,https://dongguulsan.familynet.or.kr/center/index.do,522323357,,522323358,donggu2012@hanmail.net,"평일 09:00-18:00 야간상담(화,수) 18:00-21:00 주말 정기휴무",12,베트남어,20221215,Y,
울산북구 가족센터,이영숙,민간,위탁,울산,북구,울산광역시 북구 동대5길 31,울산광역시 북구 호계동 259-13,35.62956562,129.3526067,https://ulsanbukgu.familynet.or.kr/center/index.do,522860025,,522860026,bkd71@hanmail.net,평일 09:00-18:00,21,베트남어,20221215,Y,
울주군 가족센터,임대완,민간,위탁,울산,울주군,"울산광역시 울주군 범서읍 점촌5길 39-7, 중부종합사회복지관 구영관 2층",울산광역시 울주군 범서읍 구영리 978-1 중부종합사회복지관 구영관 2층,35.56940724,129.2391748,http://ulju.familynet.or.kr/,522299600,7041605241,522420002,uljufamily@hanmail.net,평일 09:00-18:00,25,베트남어,20221215,Y,
세종시 가족센터,하미용,민간,위탁,세종,,세종특별자치시 새롬로 14 새롬종합복지센터,세종특별자치시 새롬동 567,36.485805,127.256491,sejong.familynet.or.kr,448629337,448629338,448629320,sejong@familynet.or.kr,평일 09:00-18:00,47,"중국어, 베트남어, 필리핀어",20221215,Y,
수원시다문화가족지원센터,유경선,민간,위탁,경기,수원시,"경기도 수원시 장안구 송원로 63 신성빌딩 3,4층(송죽동)","경기도 수원시 장안구 송죽동 506-8 신성빌딩 3,4층",37.3007327,127.008377,https://www.liveinkorea.kr/center/main/main.do?centerId=suwonsi,312578504,,315482700,mcsuwon@naver.com,평일 09:00-18:00 주말 정기휴무,29,-,20221215,Y,
성남시다문화가족지원센터,박서영,민간,위탁,경기,성남시,경기도 성남시 중원구 광명로 395번길 1,경기도 성남시 중원구 금광동 2661,37.4475399,127.1696984,https://www.liveinkorea.kr/center/main/main.do?centerId=seongnamsi,317401175,,317401610,sncenter@hanmail.net,평일 09:00-18:00,26,베트남어,20221215,Y,
고양시다문화가족지원센터,임유진,민간,위탁,경기,고양시,경기도 고양시 일산동구 대산로 27 정원빌딩 4층,경기도 고양시 일산동구 정발산동 677-1 정원빌딩 4층,37.670061,126.7732225,https://www.liveinkorea.kr/center/main/main.do?centerId=goyangsi,319389801,,319389803,goyangtmfc@hanmail.net,월-토 09:00-18:00,29,"중국어, 베트남어",20221215,Y,
부천시다문화가족지원센터,오욱제,민간,위탁,경기,부천시,경기도 부천시 조종로 68번가길 4,경기도 부천시 원미동 184-22,37.4915805,126.7925693,https://www.liveinkorea.kr/center/main/main.do?centerId=bucheonsi,323271370,,323251371,bcmfsc@hanmail.net,평일 09:00-18:00 주말 09:00-13:00,24,"중국어, 베트남어",20221215,Y,
안양시 가족센터,오연주,민간,위탁,경기,안양시,경기도 안양시 동안구 동안로 158(비산동) 동안구청별관 동안문 화관 2층,경기도 안양시 동안구 비산동 1111 동안구청별관 동안문 화관 2층,37.3925391,126.9516444,anyang.familynet.or.kr,3180455572,3180455475,3180454855,anyang@familynet.or.kr,평일 09:00-18:00 주말09:00-13:00,22,베트남어,20221215,Y,
안산시다문화가족지원센터,문숙현,민간,위탁,경기,안산시,"경기도 안산시 단원구 화정로 26, 안산글로벌다문화센터 2층(초지동)",경기도 안산시 단원구 초지동 667-2 안산글로벌다문화센터 2층,37.3311448,126.8153615,http://www.liveinkorea.kr/center/main/main.do?centerId=ansansi,315991700,,315991769,ansantpsxj@hanmail.net,평일 09:00-18:00(휴게시간 1시간),32,"베트남어, 러시아어, 중국어",20221215,Y,
용인시 가족센터,이수희,민간,위탁,경기,용인시,경기도 용인시 수지구 법조로 230 용인시종합가족센터,경기도 용인시 수지구 상현동 1129-2,37.299648,127.0743286,https://yongin.familynet.or.kr/center/,313237131,313237135,7074697136,yongincenter@hanmail.net,평일 09:00-18:00,32,베트남어,20221215,Y,
의정부시 가족센터,윤양식,민간,위탁,경기,의정부시,경기도 의정부시 둔야로 5번길 67,경기도 의정부시 의정부동 515,37.7363003,127.038898,https://ujbfc.familynet.or.kr/center/index.do,318787117,,318787217,ujbfc2@naver.com,평일 09:00-18:00,29,"중국어, 베트남어",20221215,Y,
남양주시 가족센터,이주연,민간,위탁,경기,남양주시,경기도 남양주시 경춘로 522 남양주시청 제2청사 2층,경기도 남양주시 다산동 3159-7 남양주시청 제2청사 2층,37.6104774,127.1711994,nyjfc.familynet.or.kr,315538211,315558261,315568216,nyj8211@hanmail.net,평일 09:00-18:00(휴게시간 12:00-13:00) 주말 정기휴무,32,"중국어, 베트남어, 몽골어",20221215,Y,
평택시 가족센터,송문영,공공,위탁,경기,평택시,"경기도 평택시 서정로 295, 북부복지타운 1층(서정동)",경기도 평택시 서정동 산12 북부복지타운 1층,37.0660989,127.0660601,http://ptfc.familynet.or.kr/,316153952,316473097,316153996,ptmcf@hanmail.net,평일 09:00-18:00,27,베트남어,20221215,Y,
광명시 가족센터,남은정,민간,위탁,경기,광명시,경기도 광명시 디지털로 34 철산별관 노둣돌 1동 2층,경기도 광명시 철산동 379 철산별관 노둣돌 1동 2층,37.4733444,126.8710298,gmfc.familynet.or.kr,262651366,,226115470,gmfc79@naver.com,"평일 09:00-18:00 금 09:00-21:00 토 09:00-13:00(첫째,셋째주 운영)",22,베트남어,20221215,Y,
시흥시 가족센터,강은이,민간,위탁,경기,시흥시,경기도 시흥시 정왕천로 449번길 51,경기도 시흥시 정왕동 1187,37.3472855,126.7495379,https://shcity.familynet.or.kr/,313197997,7071190426,314327997,shfc@shfc.kr,평일 09:00-18:00,50,중국어,20221215,Y,
군포시 가족센터,박성희,민간,위탁,경기,군포시,"경기도 군포시 수리산로 112, 군포책마을 슬기관 1층",경기도 군포시 산본동 1151-10 군포책마을 슬기관 1층,37.3589509,126.9190825,http://gunpo.familynet.or.kr/,313921811,313921814,313921813,gunpomfc@hanmail.net,평일 09:00-18:00 야간상담(화) 18:00-20:00 토 10:00-15:00 일 정기휴무,27,베트남어,20221215,Y,
과천시 가족센터,창기정,민간,위탁,경기,과천시,경기도 과천시 관악산길 58,경기도 과천시 관문동 107-5,37.4361427,126.9925329,http://gchfsc.familynet.or.kr/,25030070,7077910070,25030004,gchfsc@hanmail.net,평일 09:00-18:00(휴게시간 1시간),24,-,20221215,Y,
화성시 가족센터,박미경,민간,위탁,경기,화성시,"경기도 화성시 태안로 145, 유앤아이센터 4층",경기도 화성시 병점동 734 유앤아이센터 4층,37.2029904,127.0331438,http://hsfc.familynet.or.kr,312678787,0312678784 0312678788,312678789,hmfc8791@naver.com,평일 09:00-18:00(휴게시간 12:00-13:00),47,베트남어,20221215,Y,
파주시 가족센터,조성심,민간,위탁,경기,파주시,경기도 파주시 중앙로 229,경기도 파주시 금촌동 782-4,37.7568141,126.7792561,https://paju.familynet.or.kr/center/,319499161,319499162,319499160,pmfsc@hanmail.net,"평일 09:00-18:00(휴게시간 1시간) 야간상담(화,수,목) 18:00-21:00",20,베트남어,20221215,Y,
이천시 가족센터,박명호,민간,위탁,경기,이천시,"경기도 이천시 남천로 31, 종합복지타운 여성회관3층",경기도 이천시 중리동 187 종합복지타운 여성회관3층,37.2780008,127.4410298,icheon.familynet.or.kr,316375525,316375516,316375524,2000mfsc@daum.net,평일 09:00-18:00,21,베트남어,20221215,Y,
구리시 가족센터,윤성은,민간,위탁,경기,구리시,"경기도 구리시 아차산로 453, 구리시 여성행복센터 5층",경기도 구리시 교문동 390 구리시 여성행복센터 5층,37.5949691,127.130335,guri.familynet.or.kr,315563873,7077762982,315563149,guri@familynet.or.kr,평일 09:00-18:00(휴게시간 12:00-13:00),23,베트남어,20221215,Y,
김포시 가족센터,김연화,민간,위탁,경기,김포시,경기도 김포시 김포한강4로 564 LH한가람마을 2단지 내,경기도 김포시 구래동 6872-2,37.6460388,126.620497,http://gimpo.familynet.or.kr/,319965920,319965921,319965924,gimpo@familynet.or.kr,평일 09:00-18:00(휴게시간 1시간),24,"베트남어, 러시아어",20221215,Y,
포천시 가족센터,홍승현,민간,위탁,경기,포천시,경기도 포천시 해룡로 120 차 의과학대학교 면학관 101호,경기도 포천시 동교동 198-1 차 의과학대학교 면학관 101호,37.856746,127.137806,pcfc.familynet.or.kr,315322062,7074552070,7074692005,pcfc7100@naver.com,"평일 09:00-18:00 수 09:00-21:00 주말 09:00-15:30(둘째,넷째주 운영)",19,베트남어,20221215,Y,
광주시 가족센터,오영희,민간,위탁,경기,광주시,경기도 광주시 통미로 52번길 19,경기도 광주시 송정동 115-4,37.4167568,127.255344,gggj.familynet.or.kr,317987141,317987138,317987139,mcf@gggj.or.kr,평일 09:00-18:00 야간상담(목) 18:00-21:00,19,베트남어,20221215,Y,
안성시 가족센터,임선희,민간,위탁,경기,안성시,경기도 안성시 산수유길 15 안성종합사회복지관 3층,경기도 안성시 봉남동 349-2 안성종합사회복지관 3층,37.0090992,127.275064,anseong.familynet.or.kr,316777191,316740636,316779338,6777191@hanmail.net,평일 09:00-18:00 주말 정기휴무,19,러시아어,20221215,Y,
하남시 가족센터,문병용,민간,위탁,경기,하남시,경기도 하남시 덕풍천서로 9 별관 3~4층,경기도 하남시 신장동 521-5 별관 3~4층,37.5416749,127.2156348,http://hanam.familynet.or.kr/,317932993,317932993,317952969,hanamfc@hanmail.net,평일 09:00-18:00,22,필리핀어,20221215,Y,
의왕시 가족센터,정성순,민간,위탁,경기,의왕시,경기도 의왕시 덕장로 19 청계종합사회복지관 4층,경기도 의왕시 청계동 983 청계종합사회복지관 4층,37.391235,126.995085,https://uiwang.familynet.or.kr/center/index.do,314298931,314298933,314298993,uiwang@familynet.or.kr,평일 09:00-18:00,20,베트남어,20221215,Y,
양주시 가족센터,한수진,민간,위탁,경기,양주시,경기도 양주시 평화로1475번길 39 회천2동 행정복지센터 6층,경기도 양주시 덕계동 467-8 회천2동 행정복지센터 6층,37.821656,127.046739,yjfsc.familynet.or.kr,318585681,318585683,318585684,yjfc1@naver.com,평일 09:00-18:00 야간상담(수) 19:00-21:00 토 10:00-14:00,17,"중국어, 베트남어",20221215,Y,
오산시 가족센터,이병희,민간,위탁,경기,오산시,경기도 오산시 성호대로 83,경기도 오산시 오산동 871-1,37.1491896,127.0705609,osan.familynet.or.kr,313721335,313779766,313757557,happycenter@empas.com,평일 09:00-18:00(휴게시간 1시간),18,베트남어,20221215,Y,
여주시 가족센터,박지현,민간,위탁,경기,여주시,"경기도 여주시 세종로 61, 상가 3층(홍문동 현대아파트)",경기도 여주시 홍문동 181 상가 3층,37.2922469,127.6369411,http://yeojoofamily.or.kr,318860327,,318860323,yjdamunhwa@naver.com,"평일 09:00-18:00 야간상담(월,화,목,금) 18:00-20:00 일 정기휴무",19,베트남어,20221215,Y,
양평군 가족센터,박우영,민간,위탁,경기,양평군,경기도 양평군 양평읍 양근로 302-1,경기도 양평군 양평읍 창대리 701,37.4830337,127.4992456,http://yp21.familynet.or.kr/,317755951,317755933,317755956,ypmc21@hanmail.net,"평일09:00-18:00 야간상담(화,목) 18:00-21:00",20,"중국어, 베트남어",20221215,Y,
동두천시 가족센터,이정숙,민간,위탁,경기,동두천시,"경기도 동두천시 중앙로 249, 두드림희망센터 2층",경기도 동두천시 생연동 665-2 두드림희망센터 2층,37.9039563,127.0531437,ddcfc.familynet.or.kr,318633801,7074373818,318633805,ddcgd@naver.com,평일 09:00-18:00,16,베트남어,20221215,Y,
가평군 가족센터,이승분,민간,위탁,경기,가평군,"경기도 가평군 가평읍 향교로 38, 행정정보관 2층",경기도 가평군 가평읍 읍내리 528 행정정보관 2층,37.8304159,127.5099986,http://gapyeong.familynet.or.kr,7075105876,,315829903,gp9902@naver.com,평일 09:00-18:00(휴게시간 12:00-13:00),17,중국어,20221215,Y,
연천군 가족센터,조금랑,민간,위탁,경기,연천군,"경기도 연천군 전곡읍 전영로 11, 연천군종합복지관 5층",경기도 연천군 전곡읍 은대리 541-6 연천군종합복지관 5층,38.0301889,127.0672082,http://ycfc.familynet.or.kr/,318351107,318350094,318350095,ycfc10@daum.net,평일 09:00-18:00(휴게시간 1시간),16,베트남어,20221215,Y,
춘천시 가족센터,임미라,민간,위탁,강원,춘천시,강원도 춘천시 공지로 305번길,강원도 춘천시 효자동 708,37.867404,127.731723,https://chuncheonsi.familynet.or.kr/center/index.do,332518014,,332518016,chmf@hanmail.net,평일 09:00-18:00,17,"중국어, 베트남어, 러시아어, 일본어",20221215,Y,
원주시 가족센터,남궁은임,민간,위탁,강원,원주시,강원도 원주시 판부면 매봉길 16-18,강원도 원주시 서곡리 2026-13,37.320359,127.941686,wonju.familynet.or.kr,337658134,337658135,337648614,wjfamily@hanmail.net,평일 09:00-18:00,33,"중국어, 베트남어, 필리핀어",20221215,Y,
강릉시 가족센터,최은해,민간,위탁,강원,강릉시,"강원도 강릉시 옥가로 48(강릉농협 2,3층)","강원도 강릉시 옥천동 220-1 강릉농협 2,3층",37.7604329,128.9001894,http://gangneung.familynet.or.kr/,336483019,336483098,336513147,oioi1981@naver.com,평일 09:00-18:00(휴게시간 12:00-13:00) 주말 정기휴무,21,"필리핀어, 베트남어, 일본어 ,중국어",20221215,Y,
동해시 가족센터,우미강,민간,위탁,강원,동해시,강원도 동해시 천곡1길 203 동해시청 제 1별관,강원도 동해시 천곡동 808-1,37.5269691,129.1139414,donghae.familynet.or.kr,335358378,335350185,335358379,dhda8378@hanmail.net,평일 09:00-18:00 주말 정기휴무,20,"중국어, 베트남어",20221215,Y,
태백시 가족센터,정신애,민간,위탁,강원,태백시,"강원도 태백시 해지개길 41, 태백시다문화가족지원센터",강원도 태백시 황지동 204-1,37.159552,128.9840531,https://taebaek.familynet.or.kr/center/index.do,335544003,,335544007,tbdamunhwa@hanmail.net,평일 09:00-18:00,11,일본어,20221215,Y,
속초시 가족센터,최종구,민간,위탁,강원,속초시,강원도 속초시 도리원길 5 경동대 설악캠퍼스 유아교육관 2층,강원도 속초시 노학동 635-1 경동대 설악캠퍼스 유아교육관 2층,38.193045,128.5514372,sokcho.familynet.or.kr,336383523,336322945,336383524,mfsc3523@daum.net,평일 09:00-18:00,21,러시아어,20221215,Y,
삼척시 가족센터,신시연,민간,위탁,강원,삼척시,강원도 삼척시 원당로2길 72-6 삼척시종합사회복지관 5층,강원도 삼척시 원당동 62 삼척시종합사회복지관 5층,37.4375022,129.1528191,samcheok.familynet.or.kr,335760761,335735434,335735424,samcheok@familynet.or.krsamda5434@naver.com,평일 09:00-18:00(휴게시간 1시간),16,베트남어,20221215,Y,
홍천군 가족센터,김진홍,민간,위탁,강원,홍천군,강원도 홍천군 홍천읍 너브내길 123 종합사회복지관 3층,강원도 홍천군 홍천읍 진리 21-1 종합사회복지관 3층,37.6919587,127.8915117,https://hongcheon.familynet.or.kr,334331915,334331925,334331910,hctmfcenter@hanmail.net,매일 09:00-18:00,24,"베트남어, 일본어, 중국어, 태국어",20221215,Y,
횡성군 가족센터,전명희,,위탁,강원,횡성군,강원도 횡성군 횡성읍 횡성로 379 횡성군종합보건복지타운 3층 (횡성군가족센터),강원도 횡성군 횡성읍 읍하리 598 횡성군종합보건복지타운 3층,37.487051,127.984591,hsg.familynet.or.kr,333443458,,7082900544,hsfamilynet @hanmail.net,월-토 09:00-18:00(토 프로그램 운영 시),15,베트남어,20221215,Y,검색불가 항목 존재(운영주체내용)
영월군 가족센터,정해복,민간,위탁,강원,영월군,"강원도 영월군 영월읍 단종로 12, 4층","강원도 영월군 영월읍 영흥리 975-2, 4층",37.1846295,128.468515,yeongwol.familynet.or.kr,333724769,333758401,333724790,ywmfc4769@hanmail.net,평일 09:00-18:00(휴게시간 12:00-13:00) 주말 정기휴무,10,베트남어,20221215,Y,
평창군 가족센터,최미자,민간,위탁,강원,평창군,강원도 평창군 평창읍 평창중앙로 67 평창군문화복지센터 2층,강원도 평창군 평창읍 하리 113-1 평창군문화복지센터 2층,37.368748,128.3948808,https://pyeongchang.familynet.or.kr/center/index.do,333322063,333322663,333322067,pcmfsc@hanmail.net,평일 09:00-18:00(휴게시간 1시간),11,베트남어,20221215,Y,
정선군 가족센터,남해경,,위탁,강원,정선군,강원도 정선군 정선읍 봉양7길 16,강원도 정선군 정선읍 봉양리 144-5,37.3781426,128.6645254,https://jeongseon.familynet.or.kr/center/index.do,335623458,335623495,335633460,jsdamunh@hanmail.net,평일 09:00-18:00(휴게시간 1시간),17,네팔어,20221215,Y,검색불가 항목 존재(운영주체내용)
철원군 가족센터,김민경,민간,위탁,강원,철원군,강원도 철원군 갈말읍 삼부연로 22-1,강원도 철원군 갈말읍 신철원리 710-3,38.1453613,127.310439,https://cwg.familynet.or.kr/center/index.do,334527800,334527870,334522218,munhwa1647@daum.net,평일 09:00-18:00(휴게시간 1시간),11,중국어,20221215,Y,
화천군 가족센터,김현일,,,강원,화천군,강원도 화천군 화천읍 산수화로 45-30 화천군가족센터,강원도 화천군 화천읍 상리 2-18,38.11137,127.707248,ihc.familynet.or.kr,334422344,,334422144,oss0802@korea.kr,평일 09:00-18:00,5,-,20221215,Y,"검색불가 항목 존재(운영주체내용, 운영형태내용)"
양구군 가족센터,박현정,공공,직영,강원,양구군,"강원도 양구군 양구읍 장터길 43, 행복나눔센터 1층",강원도 양구군 양구읍 상리 239-7 행복나눔센터 1층,38.1033031,127.9889501,yanggu.familynet.or.kr,334802445,334802447,334802419,skagus7220@naver.com,평일 09:00-18:00(휴게시간 12:00-13:00) 주말 정기휴무,13,몽골어,20221215,Y,
인제군 가족센터,정국현,민간,위탁,강원,인제군,강원도 인제군 인제읍 비봉로 44번길 100 하늘내린센터 2층,강원도 인제군 인제읍 남북리 388 하늘내린센터 2층,38.0611312,128.1649706,inje.familynet.or.kr,334623651,334623661,334620036,injemfsc@hanmail.net,평일 09:00-18:00(휴게시간 12:00-13:00) 주말 정기휴무,18,베트남어,20221215,Y,
고성군 가족센터,최혜경,민간,위탁,강원,고성군,강원도 고성군 간성읍 간성로 97 여성회관,강원도 고성군 간성읍 상리 210-1,38.3802958,128.4639353,goseong.familynet.or.kr,336819390,336819332,336819391,gsmfsc-13@hanmail.net,평일 09:00-18:00,11,-,20221215,Y,
양양군 가족센터,전경희,민간,위탁,강원,양양군,"강원도 양양군 양양읍 안산1길 36, 여성회관 2층",강원도 양양군 양양읍 월리 48-2 여성회관 2층,38.0735639,128.630961,https://yangyang.familynet.or.kr/center/index.do,336702943,336730027,336730080,yyfl0408@daum.net,평일 09:00-18:00,6,-,20221215,Y,
청주시 가족센터,박미영,민간,위탁,충북,청주시,충청북도 청주시 서원구 무심서로 333번길,충청북도 청주시 서원구 모충동 94-9,36.6238328,127.4891406,cjfc.familynet.or.kr,432988830,432911817,432631819,cjfc@familynet.or.kr,평일 09:00-18:00 야간상담(수) 18:00-20:00,37,"중국어, 베트남어, 몽골어",20221215,Y,
충주시 가족센터,심재석,민간,위탁,충북,충주시,"충청북도 충주시 사직산21길 34, 복합복지관 2층",충청북도 충주시 문화동 1655 복합복지관 2층,36.9708761,127.9282711,chungju.familynet.or.kr,438562253,438575960,438575963,chungju@familynet.or.kr,평일 09:00-18:00 주말 정기휴무,34,"베트남어, 중국어",20221215,Y,
제천시 가족센터,최석원,민간,위탁,충북,제천시,충청북도 제천시 명륜로 13길 3 제천가톨릭복지관 2층(의림동),충청북도 제천시 의림동 31-3 제천가톨릭복지관 2층,37.1414531,128.2114051,jchome.familynet.or.kr,436430050,436451997,436520067,jchome@familynet.or.kr,평일 09:00-18:00,25,"중국어, 베트남어",20221215,Y,
청원 다문화가족지원센터,김현진,민간,위탁,충북,청원,충청북도 청주시 상당구 남일면 단재로 480 상당보건소 내 2층,충청북도 청주시 상당구 효촌리 92-2 상당보건소 2층,36.588223,127.505882,https://www.liveinkorea.kr/center/main/main.do?centerSeq=122&portalLangType=KOR,432938887,432938896,432938897,damhcw@hanmail.net,평일 09:00-18:00,20,베트남어,20221215,Y,
보은군다문화가족지원센터,정해자,민간,위탁,충북,보은군,"충청북도 보은군 보은읍 남부로 4515, 거성아파트 2층",충청북도 보은군 교사리 355 거성아파트 2층,36.4857576,127.7209572,https://www.liveinkorea.kr/center/main/main.do?centerSeq=114&portalLangType=KOR,435445422,,435445424,asinury@hanmail.net,평일 09:00-18:00(휴게시간 12:00-13:00),17,베트남어,20221215,Y,
옥천군 가족센터,신현숙,민간,위탁,충북,옥천군,충청북도 옥천군 옥천읍 중앙로 126 다목적회관 2층,충청북도 옥천군 옥천읍 문정리 439 다목적회관 2층,36.3072091,127.5748696,https://ok.familynet.or.kr/center/index.do,437331915,,437331917,okfamily043@hanmail.net,평일 09:00-18:00,13,"베트남어, 필리핀어",20221215,Y,
영동군 가족센터,강수성,민간,위탁,충북,영동군,"충청북도 영동군 영동읍 성안길 8, 여성회관 1층",충청북도 영동군 영동읍 부용리 3881 여성회관 1층,36.1765215,127.7712213,https://yeongdonggun.familynet.or.kr/center/index.do,437458489,,437444977,7458489@hanmail.net,평일 09:00-18:00 주말 00:00-23:59(유동적 운영),14,베트남어,20221215,Y,
증평군 가족센터,이태희,공공,직영,충북,증평군,충청북도 증평군 증평읍 보건복지로 56-2 증평군가족센터,충청북도 증평군 증평읍 내성리 48-2,36.786483,127.590055,jp.familynet.or.kr,438353572,438353583,438353571,jpdmh3572@hanmail.net,평일 09:00-18:00(휴게시간 1시간),12,중국어,20221215,Y,
진천군 가족센터,손광영,민간,위탁,충북,진천군,"충청북도 진천군 중앙북1길 11-10, 2층 진천군가족센터","충청북도 진천군 벽암리 570-1, 2층",36.860996,127.439419,https://jincheon.familynet.or.kr/center/index.do,435375431,,435375436,jcmfsc@hanmail.net,평일 09:00-18:00,19,베트남어,20221215,Y,
괴산군 가족센터,한석수,민간,위탁,충북,괴산군,충청북도 괴산군 괴산읍 금산길 3 괴산군다문화가족지원센터,충청북도 괴산군 괴산읍 서부리 275-7,36.8076454,127.7900463,https://goesan.familynet.or.kr/center/index.do,438321078,438341079,438321814,goisan1078@hanmail.net,평일 09:00-18:00,15,필리핀어,20221215,Y,
음성군 가족센터,정복동,민간,위탁,충북,음성군,충청북도 음성군 음성읍 음성천서길 103번길 여성회관 2층,충청북도 음성군 음성읍 읍내리 817-12 여성회관 2층,36.9313385,127.6917508,eumseong.familynet.or.kr,438738731,438738732,438733800,gtes3800@hanmail.net,평일 09:00-18:00 주말 정기휴무,18,베트남어,20221215,Y,
단양군 가족센터,장성숙,민간,위탁,충북,단양군,충청북도 단양군 단양읍 별곡12길 5 여성발전센터 2층,충청북도 단양군 별곡리 639-1 여성발전센터 2층,36.9876179,128.370089,https://danyang.familynet.or.kr/center/index.do,434216200,434238586,434216202,dydmh@daum.net,평일 09:00-18:00(휴게시간 1시간),18,베트남어,20221215,Y,
천안시 다문화가족지원센터,윤연한,민간,위탁,충남,천안시,충청남도 천안시 동남구 은행길 15-1 3층,"충청남도 천안시 동남구 문화동 135-1, 3층",36.8079723,127.1493299,https://www.liveinkorea.kr/center/main/main.do?centerSeq=136&portalLangType=KOR,415588653,,416228904,15778653@hanmail.net,평일09:00-18:00(휴게시간 12:00-13:00),27,"일본어, 캄보디아어, 러시아어, 베트남어",20221215,Y,
공주시 가족센터,박상옥,민간,위탁,충남,공주시,충청남도 공주시 우금티로 753 유아교육관 2층(공주대학교 옥룡캠퍼스),충청남도 공주시 옥룡동 201 공주대학교 유아교육관 2층,36.4519436,127.132526,gongju.familynet.or.kr,418560881,418506079,418561887,gjmcs@naver.com,평일 09:00-18:00,21,"중국어, 베트남어",20221215,Y,
보령시 가족센터,양수정,민간,위탁,충남,보령시,충청남도 보령시 한내로 45(문화빌딩 2층),충청남도 보령시 동대동 502-38 문화빌딩 2층,36.3462316,126.6084668,boryeong.familynet.or.kr,419368506,419340033,419368596,brcenter19@naver.com,"평일 09:00-18:00(휴게시간 12:00-13:00, 주말 정기휴무)",17,베트남어,20221215,Y,
아산시 가족센터,조삼혁,민간,위탁,충남,아산시,충청남도 아산시 시장길 29 시민문화복지센터 4층,충청남도 아산시 온천동 94-6 시민문화복지센터 4층,36.7832583,127.0042323,asan.familynet.or.kr,415489779,,415489879,asanmf@naver.com,평일 09:00-18:00(휴게시간 12:00-13:00),18,"일본어, 중국어, 러시아어, 베트남어",20221215,Y,
서산시 가족센터,류순희,공공,위탁,충남,서산시,"충청남도 서산시 율지6로 10, 2층","충청남도 서산시 동문동 207-11, 2층",36.7806925,126.460371,seosan.familynet.or.kr,416642710,,416660155,seosan123@hanmail.net,평일 09:00-18:00 목 09:00-21:00,27,"중국어, 베트남어",20221215,Y,
논산시 가족센터,이진,민간,위탁,충남,논산시,충청남도 논산시 관촉로277번길 23-13(3층),"충청남도 논산시 취암동 1043-14, 3층",36.202561,127.0908581,nonsan.familynet.or.kr,417337800,417337802,417337803,nsdmh@naver.com,평일 09:00-18:00,23,-,20221215,Y,
금산군 가족센터,최지혜,공공,직영,충남,금산군,충청남도 금산군 금산읍 군청5길 35 금산군가족통합지원센터,충청남도 금산군 금산읍 상리 24-2,36.1094512,127.4876581,http://geumsangun.familynet.or.kr/,417513991,417503924,417513991,rainbow3990@hanmail.net,평일 09:00-18:00,10,베트남어,20221215,Y,
부여군 가족센터,임도연,공공,직영,충남,부여군,충청남도 부여군 부여읍 나성북로 17,충청남도 부여군 부여읍 구아리 110,36.2851255,126.9081814,https://buyeo.familynet.or.kr/center/index.do,418302900,418302904,418352480,buyeo830@hanmail.net,평일 09:00-18:00,12,베트남어,20221215,Y,
서천군 가족센터,이현희,민간,위탁,충남,서천군,"충청남도 서천군 서천읍 서천로 38, 2층","충청남도 서천군 서천읍 군사리 187-15, 2층",36.0759485,126.6954764,seocheon.familynet.or.kr,419531911,419521910,419531912,tmfc9531911@hanmail.net,평일 09:00-18:00,16,베트남어,20221215,Y,
청양군다문화가족지원센터,양재경,민간,위탁,충남,청양군,충청남도 청양군 청양읍 칠갑산로 9길 32 복지타운 2층,충청남도 청양군 청양읍 읍내리 14-1 복지타운 2층,36.4535635,126.8069331,https://cheongyang.familynet.or.kr/center/index.do,419442333,419442335,419442331,cy2333@naver.com,평일 09:00-18:00,11,필리핀어,20221215,Y,
홍성군 가족센터,김인숙,민간,위탁,충남,홍성군,충청남도 홍성군 홍성읍 조양로 75번길 17,충청남도 홍성군 홍성읍 오관리 701-2,36.6016808,126.6586492,hongseong.familynet.or.kr,416347432,416347432,416317433,hsc7432@naver.com,평일 09:00-18:00(휴게시간 12:00-13:00),18,베트남어,20221215,Y,
예산군 가족센터,정윤교,공공,직영,충남,예산군,충청남도 예산군 예산읍 산성공원2길 15 예산군장애인복지관,충청남도 예산군 산성리 727,36.6922505,126.833947,https://yesan.familynet.or.kr/center/index.do,413398381,413398383,413397409,titeos74@korea.kr,평일 09:00-18:00,6,-,20221215,Y,
태안군 가족센터,고미숙,공공,직영,충남,태안군,충청남도 태안군 태안읍 백화로 180,충청남도 태안군 태안읍 동문리 11-4,36.7552888,126.3092583,taean.familynet.or.kr,416702396,1030257411,416701562,taeangun-mc@hanmail.net,평일 09:00-18:00(휴게시간 12:00-13:00),11,베트남어,20221215,Y,
당진시다문화가족지원센터,박선영,공공,위탁,충남,당진시,충청남도 당진시 시청 1로 38 수청동(당진시종합복지타운 4층),충청남도 당진시 수청동 1005 당진시종합복지타운 4층,36.8917165,126.6440545,http://www.liveinkorea.kr/center/main/main.do?centerId=dangjingun,413603160,,413583674,dangjinmf1@daum.net,평일 09:00-18:00,25,"베트남어, 러시아어",20221215,Y,
계룡시 가족센터,우정민,민간,위탁,충남,계룡시,충청남도 계룡시 엄사면 엄사중앙로 94 4층 411호,"충청남도 계룡시 엄사면 엄사리 182-3, 411호",36.288898,127.2422786,https://gyeryong.familynet.or.kr/center/index.do,425511133,,425511144,grff1133@naver.com,평일 09:00-18:00 주말 정기휴무,11,-,20221215,Y,
전주시다문화가족지원센터,이지훈,민간,위탁,전북,전주시,전라북도 전주시 덕진구 팔달로 336 6층,"전라북도 전주시 진북동 365-18, 6층",35.830631,127.139549,https://www.liveinkorea.kr/center/main/main.do?centerId=jeonjusi,632430333,1062250343,632436999,center@jfamily.kr,평일 09:00-18:00(휴게시간 12:00-13:00) 주말 정기휴무,38,"중국어, 베트남어, 필리핀어",20221215,Y,
군산시 가족센터,천은영,민간,위탁,전북,군산시,전라북도 군산시 축동1길 152(수송동) 군산시 다문화가족지원센터,전라북도 군산시 수송동 33-18,35.9654373,126.7137797,gunsanfc.familynet.or.kr,634430053,,634435203,gsmf@hanmail.net,평일 09:00~18:00,28,"베트남어, 중국어",20221215,Y,
익산시 가족센터,김종남,민간,위탁,전북,익산시,전라북도 익산시 고현로 10-3,전라북도 익산시 송학동 97-41,35.9382897,126.9408955,iksan.familynet.or.krhttps://iksan.familynet.or.kr/center/index.do,638386046,638386045,638386047,ishfsc@hanmail.net,평일 09:00-18:00 주말 정기휴무,37,"중국어, 베트남어",20221215,Y,
정읍시 가족센터,임내규,민간,위탁,전북,정읍시,전라북도 정읍시 중앙2길 22 다문화가족지원센터,전라북도 정읍시 수성동 578-4,35.567554,126.8529932,jeongeup.familynet.or.kr,638416040,635351283,635310311,jeongda2010@hanmail.net,평일 09:00-18:00(휴게시간 12:00-13:00),20,"필리핀어, 베트남어",20221215,Y,
남원시 가족센터,이상덕,민간,위탁,전북,남원시,전라북도 남원시 용성로 43 남원시 다문화가족지원센터,전라북도 남원시 동충동 173-1,35.409314,127.381323,namwon.familynet.or.kr,636355474,636316700,636356702,namwon5474@hanmail.net,평일 09:00-18:00(휴게시간 12:00-13:00) 토-09:00-16:00 야간상담(금) 18:00-21:00 일 정기휴무,31,"캄보디아어, 중국어, 베트남어, 필리핀어",20221215,Y,
김제시 가족센터,장순호,민간,위탁,전북,김제시,"전라북도 김제시 요촌길 45, 지평선어울림센터 3층","전라북도 김제시 검산동 1031, 지평선어울림센터 3층",35.8053939,126.8964244,gimje.familynet.or.kr,635458506,,635452846,kjmct7@naver.com,평일 09:00-18:00(휴게시간 1시간),25,"베트남어, 필리핀어",20221215,Y,
완주군 가족센터,김정은,민간,위탁,전북,완주군,전라북도 완주군 용진읍 완주로 462,전라북도 완주군 용진읍 운곡리 905-2,35.906323,127.15707,wanju.familynet.or.kr,632311035,632478839,632611035,wjct1037@naver.com,평일 09:00-18:00,25,"베트남어, 중국어",20221215,Y,
진안군 가족센터,박주철,민간,위탁,전북,진안군,"전라북도 진안군 진안읍 중앙로 28, 3층","전라북도 진안군 진안읍 군하리 285-8, 3층",35.7885505,127.4228541,jinan.familynet.or.kr,634334888,,634334881,jinan4888@hanmail.net,평일 09:00-18:00,12,베트남어,20221215,Y,
무주군 가족센터,장진원,민간,위탁,전북,무주군,"전라북도 무주군 무주읍 신교로2길 17(구, 군수관사)",전라북도 무주군 무주읍 읍내리 1422,36.010966,127.6659272,muju.familynet.or.kr,633221130,7042869802,633221106,mujucenter@hanmail.net,,13,베트남어,20221215,Y,
장수군 가족센터,천현우,공공,위탁,전북,장수군,전라북도 장수군 장수읍 싸리재로 15,전라북도 장수군 장수읍 장수리 297,35.6493684,127.5207201,jangsu.familynet.or.kr,633523362,,633523363,jsg3523362@daum.net,평일 09:00-18:00(휴게시간 12:00-13:00),12,"중국어, 베트남어",20221215,Y,
임실군 가족센터,김종희,민간,위탁,전북,임실군,"전라북도 임실군 임실읍 운수로 27, 2층","전라북도 임실군 임실읍 이도리 236-2, 2층",35.6146562,127.2840826,imsil.familynet.or.kr,636421837,,636421838,isdmw@hanmail.net,평일 09:00-18:00 주말 정기휴무,16,베트남어,20221215,Y,
순창군 가족센터,문정현,민간,위탁,전북,순창군,"전라북도 순창군 순창읍 순창로 127, 순창군행복누리센터 3층",전라북도 순창군 순창읍 가남리 541 순창군행복누리센터 3층,35.3668832,127.1405131,https://sunchang.familynet.or.kr/center/index.do,636523844,,636523840,dafamily3844@hanmail.net,평일 09:00-18:00,14,몽골어,20221215,Y,
고창군 가족센터,손형석,민간,위탁,전북,고창군,전라북도 고창군 고창읍 성산로 57 1층,"전라북도 고창군 고창읍 교촌리 233-5, 1층",35.4384588,126.6990288,gochang.familynet.or.kr,635611366,,635611356,abcde1366@daum.net,평일 09:00-18:00(휴게시간 1시간),13,중국어,20221215,Y,
부안군 가족센터,김화순,공공,직영,전북,부안군,전라북도 부안군 부안읍 오리정로 89 2층,"전라북도 부안군 부안읍 서외리 536-15, 2층",35.7233599,126.7318078,https://buan.familynet.or.kr/center/index.do,635803941,,635814587,buan-mfsc@hanmail.net,평일 09:00-18:00 주말 정기휴무,12,중국어,20221215,Y,
목포시 가족센터,최성숙,민간,직영,전남,목포시,전라남도 목포시 수강로 12번길 41 5층,"전라남도 목포시 광동3가 6-1, 5층",34.7889573,126.3882666,mokpo.familynet.or.kr,612472311,612472310,612784222,mpcaritas@naver.com,평일 09:00-18:00(휴게시간 1시간),23,베트남어,20221215,Y,
여수시 가족센터,지미자,민간,위탁,전남,여수시,전라남도 여수시 새터로 33 여수시가족센터,전라남도 여수시 신기동 93-3,34.7596053,127.6753419,yeosu.familynet.or.kr,616924174,616924173,616924177,yeosusicenter@daum.net,09:00-18:00 토 정기휴무,30,-,20221215,Y,
순천시 가족센터,박애리,민간,위탁,전남,순천시,전라남도 순천시 중앙로 255 순천대학교 평생교육원 B동 1층,전라남도 순천시 석현동 313 순천대학교 평생교육원 B동 1층,34.968961,127.480054,suncheon.familynet.or.kr,617505353,617505355,617505354,scfamily@hanmail.net,평일 09:00-18:00,22,베트남어,20221215,Y,
나주시 가족센터,하양진,민간,위탁,전남,나주시,전라남도 나주시 예향로 4075,전라남도 나주시 송월동 921-5,35.0166352,126.7133327,najusi.familynet.or.kr,613310709,,613340709,najudamun@hanmail.net,평일 09:00-18:00,22,"중국어, 베트남어",20221215,Y,
광양시 가족센터,손경화,민간,위탁,전남,광양시,전라남도 광양시 중마로 410 커뮤니티센터 6층,전라남도 광양시 마동 359 커뮤니티센터 6층,34.9464898,127.7030359,gwangyang.familynet.or.kr,617976800,617976898,617976899,hope6893@hanmail.net,매일 09:00-18:00,32,베트남어,20221215,Y,
담양군 가족센터,손순용,공공,위탁,전남,담양군,"전라남도 담양군 담양읍 완동길 10-5, 담양군여성회관 내 4층",전라남도 담양군 만성리 116-1 담양군여성회관 내 4층,35.3246918,126.9807889,https://damyang.familynet.or.kr/center/index.do,613833655,613833670,613833658,dymfc3655@hanmail.net,평일 09:00-18:00,12,베트남어,20221215,Y,
곡성군 가족센터,이금주,민간,직영,전남,곡성군,전라남도 곡성군 곡성읍 학정3길 6,전라남도 곡성군 학정리 661,35.283204,127.289475,gokseong.familynet.or.kr,613625411,,613625412,gokseong2009@hanmail.net,평일 09:00-18:00,12,-,20221215,Y,
고흥군다문화가족지원센터,박미랑,민간,위탁,전남,고흥군,"전라남도 고흥군 고흥읍 고흥로 1656, 새마을회 3층",전라남도 고흥군 남계리 832 새마을회 3층,34.6016863,127.2794754,https://goheung.familynet.or.kr/center/index.do,618325399,618345399,618351066,gh5780@hanmail.net,평일 09:00-18:00(휴게시간 1시간),13,베트남어,20221215,Y,
보성군다문화가족지원센터,박미선,민간,위탁,전남,보성군,전라남도 보성군 보성읍 송재로 186-5,전라남도 보성군 보성읍 보성리 697-2,34.7725995,127.0815213,https://boseonggun.familynet.or.kr/center/index.do,618522664,618527621,618522665,misun2936@hanmail.net,평일 09:00-18:00,13,베트남어,20221215,Y,
화순군 가족센터,김종식,민간,위탁,전남,화순군,전라남도 화순군 화순읍 대교로 11(화순희망센터 2층),전라남도 화순군 화순읍 교리 185 화순희망센터 2층,35.0635452,126.9804769,hwasungun.familynet.or.kr,613751057,613751056,613751059,wsfsc@hanmail.net,평일 09:00-18:00 주말 09:00-14:00,18,필리핀어,20221215,Y,
장흥군 가족센터,박혜영,민간,위탁,전남,장흥군,"전라남도 장흥군 장흥읍 흥성로 37-24, 장흥종합사회복지관 4층",전라남도 장흥군 장흥읍 건산리 761 장흥종합사회복지관 4층,34.6754709,126.9070702,https://jhfc.familynet.or.kr/center/,618644813,618644810,618644812,jhfc@familynet.or.kr,평일 09:00-18:00(휴게시간 12:00-13:00),19,일본어,20221215,Y,
강진군 가족센터,윤정선,민간,위탁,전남,강진군,전라남도 강진군 강진읍 사의재길 41,전라남도 강진군 강진읍 동성리 291-2,34.6447962,126.7717315,https://gangjin.familynet.or.kr/center/,614339004,,614336201,mf9004@hanmail.net,평일 09:00-18:00,13,필리핀어,20221215,Y,
해남군 가족센터,정광선,민간,위탁,전남,해남군,전라남도 해남군 해남읍 북부순환로 10 2층,"전라남도 해남군 해남읍 해리 159-6, 2층",34.571903,126.6100643,haenam.familynet.or.kr,615340017,615340017,615340016,haenam17@hanmail.net,평일 09:00-18:00,17,베트남어,20221215,Y,
영암군 가족센터,송영희,민간,위탁,전남,영암군,"전라남도 영암군 삼호읍 세가래로 88, 삼호종합복지회관 2층","전라남도 영암군 삼호읍 용앙리 238-7, 삼호종합복지회관 2층",34.7485888,126.4746367,yeongam.familynet.or.kr,614632929,,614622929,songyh42@naver.com,평일 09:00-18:00,11,베트남어,20221215,Y,
무안군 가족센터,유영림,민간,위탁,전남,무안군,전라남도 무안군 무안읍 무안로 511번지,전라남도 무안군 무안읍 성동리 869,34.9890827,126.479245,muan.familynet.or.kr,614521813,614541813,614521850,muan2009@hanmail.net,평일 09:00-18:00,13,베트남어,20221215,Y,
함평군 가족센터,김기영,민간,위탁,전남,함평군,"전라남도 함평군 함평읍 들샘길 36, 함평천지종합복지관 4층",전라남도 함평군 내교리 174-7 함평천지종합복지관 4층,35.0608794,126.5218727,hampyeonggun.familynet.or.kr,613245431,613245430,613245433,hp3387@hanmail.net,평일 09:00-18:00(휴게시간 12:00-13:00),19,베트남어,20221215,Y,
영광군 가족센터,고봉주,공공,위탁,전남,영광군,전라남도 영광군 영광읍 물무로 171 유림회관,전라남도 영광군 교촌리 174-1,35.274903,126.517081,https://yeonggwang.familynet.or.kr/center/,613538880,,613538159,dudrhkd2468@naver.com,평일 09:00-18:00,13,"베트남어, 중국어",20221215,Y,
장성군 가족센터,이정문,민간,직영,전남,장성군,전라남도 장성군 장성읍 충무5길 24 가정복지회관내,전라남도 장성군 장성읍 영천리 973-9,35.2990696,126.7847773,jsfc.familynet.or.kr,613935420,613952244,613935422,jnjs5420@hanmail.net,,17,베트남어,20221215,Y,
완도군 가족센터,김해용,민간,위탁,전남,완도군,"전라남도 완도군 완도읍 개포로 34-10, 3층","전라남도 완도군 완도읍 군내리 1248-14, 3층",34.3161844,126.7485932,wando.familynet.or.kr,615544100,615553400,615555445,wando@familynet.or.kr,평일 09:00-18:00,15,캄보디아어,20221215,Y,
진도군 가족센터,조경순,민간,직영,전남,진도군,전라남도 진도군 진도읍 진도대로 7195(여성플라자 1층),전라남도 진도군 진도읍 동외리 1189 여성플라자 1층,34.479598,126.2692691,http://jindo.familynet.or.kr/index.jsp,615449993,615443629,615449903,jdmfsc@hanmail.net,평일 09:00-18:00,12,베트남어,20221215,Y,
신안군 가족센터,신선희,공공,직영,전남,신안군,전라남도 신안군 압해읍 압해로 876-22 신안군 가족센터,전라남도 신안군 압해읍 학교리 589-3,34.866308,126.312452,shinan.familynet.or.kr,612408706,,612408709,gwonoc2013@naver.com,평일 09:00-18:00(휴게시간 12:00-13:00),8,베트남어,20221215,Y,
구례군 가족센터,김남태,민간,위탁,전남,구례군,전라남도 구례군 구례읍 구례로 508 청소년문화의집 2층,전라남도 구례군 구례읍 봉동리 115-3 청소년문화의집 2층,35.206381,127.470259,gurye.familynet.or.kr,617818003,617818004,617835622,gurye@familynet.or.kr,평일 09:00-18:00,10,-,20221215,Y,
포항시 가족센터,안연희,민간,위탁,경북,포항시,경상북도 포항시 북구 선착로 18-10,경상북도 포항시 북구 대신동 71-6,36.0478333,129.3662055,pohang.familynet.or.kr,542449702,542449701,542449704,phf9701@hanmail.net,평일 09:00-17:00,38,"중국어, 베트남어",20221215,Y,
경주시 가족센터,박정우,민간,직영,경북,경주시,"경상북도 경주시 북성로 87(북부동, 평생학습가족관 2층)",경상북도 경주시 북부동 116-3 평생학습가족관 2층,35.8479393,129.2113421,gyeongju.familynet.or.kr,547798709,547798939,547430773,sulee65@korea.kr,평일 09:00-18:00,14,"중국어, 베트남어",20221215,Y,
김천시 가족센터,이명화,민간,위탁,경북,김천시,경상북도 김천시 공단로 152-32,경상북도 김천시 대광동 1347-1,36.148078,128.1380333,https://gimcheon.familynet.or.kr/center/,544398280,544317740,544398281,gc4317740@hanmail.net,평일 09:00-18:00,20,"중국어, 베트남어",20221215,Y,
안동시 가족센터,유하영,민간,위탁,경북,안동시,"경상북도 안동시 경북대로 440, 3층","경상북도 안동시 옥동 732-3, 3층",36.567917,128.698593,https://andong.familynet.or.kr/center/index.doandong.familynet.or.kr,548533111,0548599811 0548599812,548599875,adfn440@daum.net,평일 09:00-18:00 주말 정기휴무,27,"중국어, 베트남어",20221215,Y,
구미시 가족센터,도근희,민간,위탁,경북,구미시,경상북도 구미시 산책길73,경상북도 구미시 원평동 964-451,36.1235572,128.3294423,gumi.familynet.or.kr,544430541,544555415,544580575,agm0575@hanmail.net,평일 09:00-18:00,22,"베트남어, 중국어",20221215,Y,
경상북도다문화가족지원센터,장흔성,민간,위탁,경북,구미시,"경상북도 구미시 형곡동로 2길 4, 1층","경상북도 구미시 형곡동 377, 1층",36.1031246,128.336374,http://gblady.org/,544540542,547161211,544430543,gb0575@hanmail.net,평일 09:00-18:00,5,-,20221215,Y,
영주시 가족센터,황미자,민간,위탁,경북,영주시,경상북도 영주시 명륜길 28번길 25,경상북도 영주시 하망동 182,36.8287229,128.6295006,http://yeongju.familynet.or.kr/center/index.do,546345431,546375435,546355431,yjm6345431@daum.net,평일 09:00-18:00 주말 정기휴무,16,-,20221215,Y,
영천시 가족센터,이은아,민간,위탁,경북,영천시,경상북도 영천시 운동장로 41(교촌동) 3층,"경상북도 영천시 교촌동 277, 3층",35.9664291,128.9235087,yeongcheon.familynet.or.kr,543342882,543342888,543342662,ycc2882@naver.com,"평일 09:00-18:00 토 09:00-18:00(둘째,넷째주)",19,베트남어,20221215,Y,
상주시 가족센터,김은정,민간,위탁,경북,상주시,경상북도 상주시 경상대로 3063-10,경상북도 상주시 무양동 1-162,36.4214342,128.1502324,sangju.familynet.or.kr,545311342,545313544,545360637,sjf1341@hanmail.net,평일 09:00-18:00,22,"베트남어, 캄보디아어",20221215,Y,
문경시 가족센터,박소희,민간,위탁,경북,문경시,"경상북도 문경시 매봉로 65, 4층","경상북도 문경시 모전동 914-4, 4층",36.590432,128.1800611,http://mungyeong.familynet.or.kr,545545591,7044133373,545545592,5545591@daum.net,평일 09:00-18:00,21,베트남어,20221215,Y,
경산시 가족센터,정유희,민간,위탁,경북,경산시,경상북도 경산시 경산로 131,경상북도 경산시 사정동 35-4,35.8203007,128.7283533,gyeongsan.familynet.or.kr,538164071,538174071,538164072,ksmfc@hanmail.net,평일 09:00-18:00(휴게시간 12:00-13:00) 주말 정기휴무,25,베트남어,20221215,Y,
군위군 가족센터,이상태,민간,위탁,경북,군위군,경상북도 군위군 군위읍 중앙길 31-10번지(군위군 구 보건소 2층),경상북도 군위군 서부리 161-3 보건소 2층,36.2313089,128.5661665,https://gunwi.familynet.or.kr/center/index.do,543832511,,543832512,loveingunwi@daum.net,,10,베트남어,20221215,Y,
의성군 가족센터,김수미,민간,위탁,경북,의성군,경상북도 의성군 의성읍 후죽1길 21,경상북도 의성군 후죽리 502-1,36.3543634,128.6969881,https://uiseongfamily.familynet.or.kr/center/index.do,548325440,548325404,548325442,dmltjdekansghk@hanmail.net,평일 09:00-18:00(휴게시간 12:00-13:00) 주말 정기휴무,18,베트남어,20221215,Y,
청송군다문화가족지원센터,강보경,공공,직영,경북,청송군,경상북도 청송군 청송읍 복지타운길 77 청송군다문화가족지원센터,경상북도 청송군 금곡리 813,36.429937,129.058927,https://www.liveinkorea.kr/center/main/main.do?centerSeq=184,548706790,,548706799,sk58482@korea.kr,평일 09:00-18:00(휴게시간 12:00-13:00) 주말 정기휴무,8,-,20221215,Y,
영양군다문화가족지원센터,이선정,공공,직영,경북,영양군,경상북도 영양군 영양읍 군민회관길 36,경상북도 영양군 영양읍 서부리 147-2,36.6609909,129.116429,https://www.liveinkorea.kr/center/main/main.do?centerId=yeongyanggun,546835432,,546835433,yyg5432@hanmail.net,평일 09:00-18:00,12,베트남어,20221215,Y,
영덕군 가족센터,이안국,공공,직영,경북,영덕군,경상북도 영덕군 영덕읍 강변길 324 영덕문화체육센터 내 여성회관 2층,경상북도 영덕군 영덕읍 화개리 608 여성회관 2층,36.4202343,129.3623897,https://yd.familynet.or.kr/center/index.do,547307383,547307385,547306659,ydgun1213@daum.net,평일 09:00-18:00,13,베트남어,20221215,Y,
청도군 가족센터,송근진,민간,위탁,경북,청도군,경상북도 청도군 화양읍 청려로 1846 청소년수련관 3층,경상북도 청도군 동천리 457 청소년수련관 3층,35.6484,128.71803,https://cheongdo.familynet.or.kr/center/index.do,543738131,543738134,543738135,family8131@hanmail.net,평일 09:00-18:00 주말 정기휴무,18,베트남어,20221215,Y,
고령군다문화가족지원센터,김기창,민간,위탁,경북,고령군,경상북도 고령군 대가야읍 왕릉로 30 문화누리 3층,경상북도 고령군 지산리 308 문화누리 3층,35.7242002,128.2630355,https://www.liveinkorea.kr/center/main/main.do?centerSeq=180&portalLangType=KOR,549566336,,549561366,9566336@hanmail.net,평일 09:00-18:00,6,-,20221215,Y,
성주군 가족센터,최연정,민간,위탁,경북,성주군,경상북도 성주군 성주읍 성산9길 45 문화예술회관 2층,경상북도 성주군 성주읍 성산리 161-1 문화예술회관 2층,35.9182393,128.3015848,seongjugun.familynet.or.kr,549829810,549829841,549829840,sj9829810@naver.com,월-토 09:00-18:00,11,베트남어,20221215,Y,
칠곡군 가족센터,방승란,민간,위탁,경북,칠곡군,"경상북도 칠곡군 왜관읍 관문로1길 24-11, 온가족행복센터 2층",경상북도 칠곡군 매원리 692-10 온가족행복센터 2층,35.991501,128.419183,chilgok.familynet.or.kr,549750833,549750831,549750835,cg_family@hanmail.net,평일 09:00-18:00,26,중국어,20221215,Y,
예천군 가족센터,주정하,민간,위탁,경북,예천군,"경상북도 예천군 예천읍 충효로 239, 2층(베스트프라자A)",경상북도 예천군 예천읍 남본리 258-6 베스트프라자A 2층,36.6509086,128.4503282,yc.familynet.or.kr,546544321,546544320,546524321,ycfamily4321@daum.net,,17,베트남어,20221215,Y,
봉화군 가족센터,이금성,공공,직영,경북,봉화군,경상북도 봉화군 봉화읍 거촌로 12-3,경상북도 봉화군 봉화읍 내성리 285,36.8907453,128.741995,bonghwa.familynet.or.kr,546739023,,546739022,lhjuny@naver.com,평일 09:00-18:00(휴게시간 12:00-13:00) 주말 정기휴무,8,캄보디아어,20221215,Y,
울진군 가족센터,이장출 ,민간,위탁,경북,울진군,"경상북도 울진군 울진읍 울진북로 496-11, 1층","경상북도 울진군 울진읍 읍내리 361, 1층",36.993008,129.394874,https://uljin.familynet.or.kr/center/,547838988,547838986,547838980,uljin5414@naver.com,평일 09:00-18:00 주말 정기휴무,9,-,20221215,Y,
울릉군 가족센터,박성우,민간,위탁,경북,울릉군,경상북도 울릉군 울릉읍 봉래2길 31,경상북도 울릉군 울릉읍 도동리 330-9,37.497666,130.907657,ulleunggun.familynet.or.kr,547910205,,547919936,dmh0205@hanmail.net,평일 09:00-18:00,9,-,20221215,Y,
창원시 가족센터,최종옥,공공,직영,경남,창원시,"경상남도 창원시 성산구 대정로 20번길 11, 1층(가음동, 여성회관 창원관)","경상남도 창원시 가음동 20-10, 여성회관 창원관 1층",35.2061652,128.6991081,changwon.familynet.or.kr,552253951,552253987,552254731,cwwomen@korea.kr,매일 09:00-18:00,14,베트남어,20221215,Y,
창원시 마산가족센터,김영순,민간,위탁,경남,창원시 마산,"경상남도 창원시 마산합포구 중앙북5길 20, 마산YWCA 지하1층",경상남도 창원시 마산합포구 중앙동3가 4-190 마산YWCA 지하1층,35.200253,128.5685482,masan.familynet.or.kr,552458745,552468745,552418746,msdmh@naver.com,평일 09:00-18:00(휴게시간 12:00-13:00),15,베트남어,20221215,Y,
진주시 가족센터,정정연,공공,직영,경남,진주시,경상남도 진주시 진양호로 305,경상남도 진주시 신안동 419-4,35.1805242,128.0653256,jinju.familynet.or.kr,557495443,557496291,557495448,lepele1004@korea.kr,평일 09:00-18:00,27,베트남어,20221215,Y,
통영시 가족센터,옥해숙,공공,위탁,경남,통영시,경상남도 통영시 안개 4길 94(통영시종합복지관내 3층),경상남도 통영시 무전동 464-1 통영시종합복지관내 3층,34.8591407,128.4325108,tyfc.familynet.or.kr,556407741,556407740,556494446,tyfc@hanmail.net,평일 09:00-18:00(휴게시간 12:00-13:00) 주말 정기휴무,23,베트남어,20221215,Y,
사천시 가족센터,김분자,민간,위탁,경남,사천시,"경상남도 사천시 용현면 부곡3길 90, 사천시여성회관 2층",경상남도 사천시 용현면 금문리 53 사천시여성회관 2층,35.0045671,128.0556965,sacheon.familynet.or.kr,558320345,558320345,558320208,4000center@hanmail.net,평일 09:00-18:00,14,베트남어,20221215,Y,
김해시 가족센터,장수한,민간,위탁,경남,김해시,경상남도 김해시 김해대로 2232-0 여객터미널 4층,경상남도 김해시 외동 1264 여객터미널 4층,35.2294709,128.8728231,gimhae.familynet.or.kr,553296355,553296356,553296357,gimhae@family.or.kr,평일 09:00-18:00,47,"중국어, 베트남어",20221215,Y,
밀양시 가족센터,홍창희,민간,위탁,경남,밀양시,"경상남도 밀양시 밀양대로 2089, 희망나눔봉사센터 1층",경상남도 밀양시 교동 952-2 희망나눔봉사센터 1층,35.5037416,128.7515006,miryang.familynet.or.kr,553514404,553514410,553514410,mycenter@daum.net,평일 09:00-18:00,20,베트남어,20221215,Y,
거제시 가족센터,하성영,민간,위탁,경남,거제시,"경상남도 거제시 탑곡로 75, 근로자가족복지회관 2층(아주동)",경상남도 거제시 아주동 290 근로자가족복지회관 2층,34.8624355,128.6910987,geoje.familynet.or.kr,556824958,556824959,556824957,gjtmfc@hanmail.net,평일 09:00-18:00 주말 정기휴무,18,"중국어, 베트남어",20221215,Y,
양산시 가족센터,김덕한,민간,위탁,경남,양산시,"경상남도 양산시 양주1길 7-1, 2층","경상남도 양산시 중부동 667-3, 2층",35.3402205,129.0313273,yangsan.familynet.or.kr,553820988,553820986,553830988,wbt0988@naver.com,평일 09:00-18:00 주말 정기휴무,23,"필리핀어, 베트남어",20221215,Y,
의령군 가족센터,전병석,민간,위탁,경남,의령군,경상남도 의령군 의령읍 의병로 17길 6,경상남도 의령군 의령읍 서동리 443-3,35.320044,128.2602509,uiryeong.familynet.or.kr,555738400,7042673584,555735995,uiryeong@familynet.or.kr,평일 09:00-18:00,12,-,20221215,Y,
함안군 가족센터,조은옥,민간,위탁,경남,함안군,"경상남도 함안군 산인면 가야로 217, 산인면종합복지관 1층",경상남도 함안군 산인면 송정리 1021-1 산인면종합복지관 1층,35.2790119,128.4250095,https://haman.familynet.or.kr/center/index.do,555835430,,555835431,kid5050@nate.com,평일 09:00-18:00,17,필리핀어,20221215,Y,
창녕군 가족센터,정동명,민간,위탁,경남,창녕군,경상남도 창녕군 창녕읍 창녕대로 172,경상남도 창녕군 창녕읍 말흘리 771-2,35.5314005,128.5012753,https://cngh.familynet.or.kr/center/index.do,555321606,555321607,555321305,cnmc1606@naver.com,평일 09:00-18:00 목 09:00-21:00 주말 정기휴무,16,베트남어,20221215,Y,
경남고성군 가족센터,황순옥,민간,위탁,경남,고성군,경상남도 고성군 고성읍 성내로135번길 10-1,경상남도 고성군 성내리 72-42,34.9736761,128.3234428,https://gngoseonggun.familynet.or.kr/center/index.do,556731466,556731466,556736539,damunhwa11@hanmail.net,평일 09:00-18:00(휴게시간 12:00-13:00) 주말 정기휴무,8,베트남어,20221215,Y,
남해군 가족센터,박정연,공공,직영,경남,남해군,"경상남도 남해군 남해읍 망운로 32, 종합사회복지관 2층",경상남도 남해군 아산리 355 종합사회복지관 2층,34.8385142,127.8904473,namhaegun.familynet.or.kr,558646965,558603878,558646919,namdamoon2009@naver.com,평일 09:00-18:00,8,베트남어,20221215,Y,
하동군 가족센터,최영옥,공공,직영,경남,하동군,경상남도 하동군 하동읍 섬진강대로 2214,경상남도 하동군 하동읍 읍내리 1563-6,35.0723241,127.7411926,hadong.familynet.or.kr,558806520,558806522,558806529,hadonggun2019@naver.com,평일 09:00-18:00,14,-,20221215,Y,
산청군 가족센터,오인선,민간,위탁,경남,산청군,경상남도 산청군 산청읍 꽃봉산로 79번길 31-3,경상남도 산청군 산청읍 옥산리 450-6,35.4156141,127.8752239,scfc.familynet.or.kr,559721078,559721048,559721028,sanda1078@naver.com,평일 09:00-18:00,18,네팔어,20221215,Y,
함양군 가족센터,박혜경,공공,직영,경남,함양군,"경상남도 함양군 함양읍 함양여중길 10, 함양군문화원 1층",경상남도 함양군 교산리 967-4 함양군문화원 1층,35.5233652,127.7273199,hamyang.familynet.or.kr,559632013,559635014,559622058,hyif2013@hanmail.net,평일 09:00-18:00,8,베트남어,20221215,Y,
거창군 가족센터,조미금,민간,위탁,경남,거창군,경상남도 거창군 거창읍 강남로1길 170,경상남도 거창군 송정리 21,35.6822814,127.9101784,https://geochang.familynet.or.kr/center/index.do,559451365,559451363,559451364,gctmfc@daum.net,평일 09:00-18:00(휴게시간 1시간),13,베트남어,20221215,Y,
합천군 가족센터,최윤자,공공,직영,경남,합천군,"경상남도 합천군 합천읍 옥산로 96-7, 2층","경상남도 합천군 합천읍 합천리 387-4, 2층",35.5672122,128.1659183,https://hc.familynet.or.kr/,559304732,,559304739,puk1178@korea.kr,평일 09:00-18:00(휴게시간 1시간),4,-,20221215,Y,
제주시 가족센터,이영은,민간,위탁,제주,제주시,제주특별자치도 제주시 중앙로 198,제주특별자치도 제주시 이도일동  1787-10,33.501645,126.528253,https://jeju.familynet.or.kr/center/index.do,647121140,647258025,647258006,jeju@familynet.or.kr,09:00-18:00 일 정기휴무,43,"중국어, 베트남어, 필리핀어",20221215,Y,
서귀포시 가족센터,이상구,민간,위탁,제주,서귀포시,제주특별자치도 서귀포시 중앙로 81,제주특별자치도 서귀포시 서귀동 299-4,33.251905,126.56098,seogwipo.familynet.or.kr,647326482,647326484,647339878,sgpfamily@naver.com,평일 09:00-18:00(휴게시간 12:00-13:00),26,"필리핀어, 베트남어",20221215,Y,
